event_date,event_name,description,detail_description,is_display_description,event_type,is_spam,is_display_event
31-03-2026,Mahavir Swami Jayanti,"Chaitra, Shukla Trayodashi","Mahavir Jayanti is observed by Jains as birth anniversary of sage Mahavir. Mahavir, also known as Vardhamana , established core tenets of Jainism. Mahavir was the 24 th and the last Jain sage. Mahavir was born on thirteenth day of the rising moon of Chaitra month (which was Trayodashi Tithi during Shukla Paksha of Chaitra month). Mahavir was born during 599 B.C. and disappeared in 527 B.C. at the age of 72. Mahavir was born at Kundalagrama which is situated under Vaishali district in Bihar.",True,major,False,True
30-03-2026,Soma Pradosh Vrat,"Chaitra, Shukla Trayodashi","Pradosha Vrat is observed on both Trayodashi Tithis, i.e. Shukla Paksha Trayodashi and Krishna Paksha Trayodashi, in lunar month. For Pradosham Vrat, day is fixed when Trayodashi Tithi falls during Pradosha Kala which starts after Sunset. The time window after Sunset when Trayodashi Tithi and Pradosha time overlaps is auspicious for Shiva Puja. When Pradosham day falls on Monday, it is known as Soma Pradosha . Soma Pradosha Vrat is considered one of the most beloved fasts of Lord Shiva . This fast is regarded as highly beneficial for mental peace, marital happiness, and family prosperity. According to Vedic astrology, this fast is very effective in resolving inauspicious combinations related to the Lord Chandra in one's Kundali. When observed with proper rituals, this fast brings desired results through the blessings of Lord Shiva. Soma Pradosha Vrat is especially recommended to enhance love, harmony, and sweetness in married life. Additionally, it is also considered suitable for overcoming mental problems and stress.",True,vrat,False,True
29-03-2026,Kamada Ekadashi,"Chaitra, Shukla Ekadashi",Time - Chaitra Shukla Paksha Ekadashi is known as Kamada Ekadashi. It is next Ekadashi after Chaitra Navrati and Rama Navami. Currently it falls in month of March or April in English calendar. Benefits - One can get rid of all type of sins by observing Kamada Ekadashi fasting. In Hinduism killing a Brahman or Brahmin is the most deadly sin one can commit. It is believed that even sin of Brahmin killing is purged by observing Kamada Ekadashi fast. Parana means breaking the fast. Ekadashi Parana is done after sunrise on next day of Ekadashi fast. It is necessary to do Parana within Dwadashi Tithi unless Dwadashi is over before sunrise. Not doing Parana within Dwadashi is similar to an offence. Parana should not be done during Hari Vasara . One should wait for Hari Vasara to get over before breaking the fast. Hari Vasara is first one fourth duration of Dwadashi Tithi. The most preferred time to break the fast is Pratahkal. One should avoid breaking the fast during Madhyahna. If due to some reasons one is not able to break the fast during Pratahkal then one should do it after Madhyahna.,True,ekadashi,False,True
29-03-2026,Vamana Dwadashi,"Chaitra, Shukla Dwadashi","Lord Vamana is regarded as the fifth incarnation among the Dashavatara of Lord Vishnu. According to the scriptures, it was on this day Chaitra Shukla Dwadashi that Lord Vamana obtained dominion over the Triloka from King Bali for the welfare of the deities. Therefore, Lord Vamana is worshipped on this day with great devotion. The Bhavishya Purana also describes the Malla Dwadashi Vrat, prescribing the worship of Lord Vishnu in His original, all-pervading form on Chaitra Shukla Dwadashi. Malla Dwadashi Vrat is observed beginning from the Margashirsha Shukla Dwadashi and continues until the Kartika Shukla Dwadashi . During this period, each month Lord Vishnu is worshipped under His twelve sacred names known as Keshava , Narayana , Madhava , Govinda , Vishnu , Madhusudana , Trivikrama , Vamana , Shridhara , Hrishikesha , Padmanabha and Damodara . After taking a bath in the morning and completing daily rituals, wear yellow garments and make a Sankalpa or vow of observance for fast. After that worship Lord Vamana in the following manner. By performing the Vamana Dwadashi Vrat in this manner, one attains long life, wealth, fame and righteousness. This fast is considered especially sacred for Vaishnavas. Hence, it is well established that Chaitra Shukla Dwadashi is celebrated as Vamana Dwadashi and by worshipping Lord Vishnu in His Vamana form, one attains Moksha.",True,major,False,True
26-03-2026,Masik Durgashtami,"Chaitra, Shukla Ashtami","Durgashtami fasting is observed every month during Ashtami Tithi of Shukla Paksha. On this day devotees of Goddess Durga worship Her and observe day long fast. The most significant Durgashtami, which is known as Mahashtami , falls in month of Ashwin during nine days Shardiya Navratri festivities. Durgashtami is also spelled as Durga Ashtami and Masik Durgashtami is also known as Maas Durgashtami or Monthly Durgashtami .",True,major,False,True
26-03-2026,Ashoka Ashtami Vrat,"Chaitra, Shukla Ashtami","In the Vrat Parichaya, this observance is referred to as the Ashoka Kalika Prashana Vrat , as it involves the ritual consumption of tender buds or leaves of the Ashoka tree. According to another belief, drinking the extract of Ashoka buds on this day eliminates physical ailments and promotes good health. Therefore, the Ashoka Ashtami Vrat is regarded as highly beneficial for physical well-being and longevity. Early in the morning, after completing daily ablutions, devotees should worship the Ashoka Vriksha, the sacred Ashoka tree, also known as Ashapala . Offer prayers to the tree and collect eight tender buds or leaves from it. Use these to worship Lord Shiva with devotion. While consuming the eight buds, the following Mantra should be recited - त्वामशोक नमाम्येन मधुमाससमुद्भवम्। शोकार्तः कलिकां प्राश्य मामशोकं सदा कुरु॥",True,major,False,True
26-03-2026,Tara Jayanti,"Chaitra, Shukla Navami","The worship of Mother Tara is considered to be related to Kalikula. According to beliefs, the Goddess wore blue color form to kill Hayagriva. The blue color form of Goddess Kali became world famous as Goddess Tara. Shaktipeetha of Tara Devi is situated on the banks of Dwarka River in the Virabhoomi of West Bengal, which is famous by the name of Tara Peetha. According to religious legends, the eyes of Goddess Sati had fallen at this place, hence She is also known as Nayantara . The literal meaning of Tara is the one who liberates from material world; hence Goddess Tara is worshiped as the goddess who provides salvation. By worshiping Goddess Tara, all the enemies of the seeker are destroyed and speech accomplishment is also achieved. According to the description found in religious texts, in ancient times, the worship of Tara Mahavidya was prevalent in areas like China, Tibet and Ladakh. Many stories are prevalent regarding the appearance of Goddess Tara. One of which is the following story. मेरोः पश्चिमकूले नु चोत्रताख्यो हृदो महान्। तत्र जज्ञे स्वयं तारा देवी नीलसरस्वती॥ चैत्रे मासि नवम्यां तु शुक्लपक्षे तु भूषते। क्रोधरात्रिर्महेशानि तारारूपा भविष्यति॥",True,major,False,True
26-03-2026,Rama Navami *Smarta,"Chaitra, Shukla Navami","Lord Rama was born on Navami Tithi during Shukla Paksha of Chaitra month. Each year this day is celebrated as birthday of Lord Rama. Lord Rama was born during Madhyahna period which is middle of Hindu day. Madhyahna which prevails for six Ghatis (approximately 2 hours and 24 minutes) is the most auspicious time to perform Rama Navami Puja rituals. The mid-point of Madhyahna marks the moment when Shri Rama was born and temples symbolize this moment as birth moment of Lord Rama. The chanting of Shri Rama and celebration reaches its peak during this time. Due to widespread use of western clock and Gregorian calendar people assume 12 p.m. as Madhyahna moment. This could have been correct if sunrise and sunset occur exactly at 6 a.m. and 6 p.m. respectively but at most places sunrise and sunset timings are different from six O'clock. Hence the exact time to celebrate birthday of Lord Rama falls between 11 a.m. and 1 p.m. for most Indian cities. DrikPanchang.com list Hindu midday moment for all cities and this moment should be used to mark the birth of Shri Rama. Ayodhya is birthplace of Lord Rama and Rama Navami celebrations in Ayodhya are remarkable. Devotees come to Ayodhya from far-flung places. After taking holy dip into river Sarayu Devotees visit Rama temple to participate in birthday celebrations. Eight Prahar fasting is suggested during Rama Navami. Which means devotes should observe the fast from sunrise to sunrise. Rama Navami Vrat can be observed in three different ways, casual (नैमित्तिक) -which can be observed without any cause, continual (नित्य) - which can be observed throughout life without any desire and desirable (काम्य) - which can be observed to fulfill any desire.",True,major,True,True
24-03-2026,Skanda Sashti,"Chaitra, Shukla Shashthi","Skanda is a popular Hindu deity especially among Tamil Hindus. Lord Skanda is son of God Shiva and Goddess Parvati . In south India, Skanda is considered as the younger brother of Lord Ganesha while in north India Skanda is considered as the elder brother of Lord Ganesha. God Skanda is also known as Murugan , Kartikeyan and Subramanya . Sashti Tithi is dedicated to Lord Skanda. Devotees keep fast during Shukla Paksha Sashti day. For Skanda Sashti Vratam the day when Sashti Tithi is combined with Panchami Tithi is preferred. Hence Skanda Sashti Vratam might be observed on Panchami Tithi. Skanda Sashti is also known as Kanda Shashti . When Panchami Tithi ends or Sashti Tithi starts between sunrise and sunset then both Panchami and Sashti are conjugated and this day is chosen for Skanda Sashti Vratam. This rule has been mentioned in Dharmasindhu and Nirnayasindhu . Many Murugan temples in Tamil Nadu, including famous Sri Subrahmanya Swami Devasthanam in Tiruchendur, follow the same rule and Soorasamharam day is observed one day before Sashti Tithi if on previous day Sashti Tithi is combined with Panchami Tithi.",True,major,False,True
24-03-2026,Rohini Vrat,,"Rohini Vrat is significant fasting day in Jain community. Rohini Vrat is mainly observed by women for the long life of their husbands. Rohini is one of the Nakshatra out of twenty-seven Nakshatra in Jain and Hindu calendar. Rohini fasting is observed on the day when Rohini Nakshatra prevails after sunrise. It is believed that those who observe Rohini fasting can get rid of all types of sorrows and poverty. The Parana of Rohini Nakshatra is done during Margashirsha Nakshatra when Rohini Nakshatra ends. There are twelve Rohini fasting days in a year. Usually Rohini Vrat is observed for three, five or seven years continuously. The advisable duration of Rohini fasting is five years and five months. Rohini fasting should be finished with Udyapana.",True,major,False,True
24-03-2026,Yamuna Chhath,"Chaitra, Shukla Shashthi","Yamuna Chhath is mainly celebrated in Indian city Mathura. It marks the day when Goddess Yamuna descended on the Earth. Hence this day is also known as Yamuna Jayanti or birth anniversary of Goddess Yamuna. It is celebrated on Shukla Paksha Shashthi in Chaitra month and falls during Chaitra Navratri . Goddess Yamuna , being wife of Lord Shri Krishna , is revered by people of Braj which explains Yamuna Chhath being celebrated mainly by people of Mathura and Vrindavan .",True,major,False,True
23-03-2026,Shaheed Diwas,fixed day in Gregorian calendar,,True,major,False,True
23-03-2026,Masik Karthigai,,"Karthigai Deepam is mainly celebrated by Tamil Hindus. It is one of the oldest festivals celebrated by Tamil people. Houses and streets are lit up with rows of oil lamps or Deepam in the evening of the festival day. Karthigai Deepam and Karthikai Deepam are used interchangeably. Karthigai Deepam takes its name from Nakshatra Karthikai or Krittika . Karthigai Deepam is performed on the day when Krittika Nakshatra is prevailing. Karthigai Deepam is done in honor of Lord Shiva . According to Hindu Mythology on this day Lord Shiva converted himself in an endless flame of light to prove his supremacy to Lord Vishnu and Lord Brahma . Although Karthigai day is observed every month but the most significant day falls in month of Karthikai (which is same as Solar month Vrischika in other Hindu calendars). DrikPanchang.com lists all Karthikai days in the year including the most significant Karthikai day which is known as Karthikai Deepam . Karthigai festival in Tiruvannamalai hills is very famous. On Karthigai day, a huge fire lamp is lit up on the hill, visible for several kilometers around the hill. The fire or Deepam is called Mahadeepam , Hindu devotees visit here and pray to God Shiva.",True,major,True,True
23-03-2026,Lakshmi Panchami,"Chaitra, Shukla Panchami","Chaitra Shukla Panchami is Kalpadi Tithi. As per Vedic division of time, this day relates to beginning of a Kalpa . As per Hindu Panchanga there are seven Kalpadi days in a year including Gudi Padwa / Ugadi and Akshaya Tritiya days. Apart from being Kalpadi, this day is popularly known as Lakshmi Panchami . As the name suggests, the day is dedicated to Goddess Lakshmi , the Goddess of wealth and prosperity. Lakshmi Panchami is also known as Shri Panchami and Shri Vrata . Shri is another name of Goddess Lakshmi . This day should not be confused with Vasant Panchami which is also known as Shri Panchami but dedicated to Goddess Saraswati , the Goddess of art and knowledge. The day of Lakshmi Panchami falls during the first week of Hindu New Year. Worshipping Goddess Lakshmi at the beginning of the year is considered very auspicious. People observe a day long fast and worship Goddess Lakshmi at home as well as in office. Some business houses and traders perform elaborate Puja on the very same day.",True,major,False,True
18-03-2026,Darsha Amavasya,"Chaitra, Krishna Amavasya",Amavasya is new moon day in Hindu calendar. It is significant day as many rituals are performed only on Amavasya Tithi. Amavasya falling on weekday Monday is known as Somvati Amavasya and Amavasya falling on weekday Saturday is known as Shani Amavasya . All Amavasya days are appropriate to perform Shraddha rituals to appease ancestors. Amavasya day is also appropriate day to perform Kalasarpa Dosha puja. Amavasya is also spelled and pronounced as Amavasai or Amavas.,True,amavasya,False,True
22-03-2026,Vasudeva Chaturthi,"Chaitra, Shukla Chaturthi","The Chaitra Shukla Chaturthi Vrat is considered one of the most sacred and meritorious observances in Hinduism, known for bestowing success and fulfillment of desires. It is observed on the Shukla Paksha Chaturthi of the Chaitra month and is popularly known as Vinayaka Chaturthi or Ganesha Chaturthi. References to this Vrat are found in ancient scriptures such as the Dharmasindhu , Nirnaya Sindhu , Skanda Purana , Ganesha Purana and Bhavishya Purana . Observing this fast with faith and devotion destroys obstacles, brings success in endeavors and grants Siddhi-Buddhi. चतुर्थ्यां तु विशेषेण यो व्रतं कुरुते नरः। सर्वान् कामानवाप्नोति विघ्नान्नैव बिभेति च॥ Chaturthyam Tu Visheshena Yo Vratam Kurute Narah। Sarvan Kamanavapnoti Vighnannaiva Bibheti Cha॥ Meaning - ""One who observes the Chaturthi fast with due rites attains the fulfillment of all desires and remains forever free from obstacles.""",True,major,False,True
21-03-2026,Gauri Puja,"Chaitra, Shukla Tritiya","On the day of Gangaur, unmarried girls and married women worship Lord Shiva and Mother Parvati. In many areas, Lord Shiva is worshiped as Isar Ji and Goddess Parvati is worshiped as Gaura Mata . Gaura ji is also known as Gawarja ji . According to religious scriptures, by observing this fast with full devotion, unmarried girls get their desired groom, and husbands of married women live long and healthy. In the worship of Gangaur, women make Gaura ji of sand or clay and decorate it completely. After that, they worship him with rituals and sing folk songs. The specialty of this fast is that it is observed secretly from the husband. Even the Prasadam of Gangaur Puja are not given to the husband. To know the reason behind this, you should read Gangaur Vrat Katha . On the third day of Chaitra Navratri, women do sixteen adornments and perform fast and worship and in the evening they read and listen to the story of Gangaur fast. This day is also known as Badi Gangaur . On this day, the idol of Mata Gaura made of sand near a river or lake is given water to drink. The goddess is immersed on the next day of this puja. The place where Gangaur puja is performed is considered as Gangaur's Pehar or maternal house and the place where immersion takes place is considered as her in-laws' house .",True,major,False,True
21-03-2026,Matsya Jayanti,"Chaitra, Shukla Tritiya","Matsya Jayanti is the birth anniversary of Lord Vishnu . Matsya was the first incarnation of Lord Vishnu during Satya Yuga. In this incarnation, Lord Vishnu appeared in the form of a fish and protected King Satyavrata , Prajapatis and the Saptarishis from Jalapralaya. Special Puja is organized in Lord Vishnu temples. Matsya Jayanti day falls during Chaitra Navratri and usually coincides with Gangaur festivities. To read detailed description about Matsya Avatara of Lord Vishnu, please visit - Matsya Incarnation .",True,major,False,True
20-03-2026,Chandra Darshana,"Chaitra, Shukla Pratipada","Chandra Darshan is the first day of moon sighting after no moon day. In Hinduism, the new moon day is known as Amavasya and the first sighting of moon after new moon has religious significance. People observe a day long fast and break it after sighting new moon on Chandra Darshan day. Predicting the first day of Chandra Darshan is always a challenging task for Panchang makers. The moon is visible only for a short span of time on the first day of Chandra Darshan and that is just after the sunset. In other words, the moon sets about one hour after sunset and can be sighted only after sunset due to being in the same horizon as that of the sun. Hence the moon can be sighted only after the sunset, when it is also going to be set.",True,major,False,True
20-03-2026,Vernal Equinox,Astronomy Event,"An Equinox is an astronomical event that happens twice, once in spring and once in autumn, each year when the tilt of the Earth's axis is inclined neither away from nor towards the Sun. During Equinoxes the tilt of the Earth (with respect to the Sun) is 0° and because of its duration of the day and the night are almost equal on Equinox day i.e. 12 hours. Equinoxes occur on 20 th or 21 st March and 22 nd or 23 rd September each year and both days have equal length of the day and the night. During March it is springtime in the Northern hemisphere and March Equinox is called Vernal Equinox and Spring Equinox while it is an autumn time in the Southern hemisphere and March Equinox is called Autumnal Equinox and Fall Equinox . In other words, on March Equinox it is springtime in the UK, the USA, Canada, Russia, India and China while it is autumn time in Australia, Argentina, Chile, New Zealand and South Africa. Similarly, during September it is autumn time in the Northern hemisphere and September Equinox is called Autumnal Equinox and Fall Equinox while it is springtime in the Southern hemisphere and September Equinox is called Vernal Equinox and Spring Equinox . In other words, on September Equinox it is the autumn time in the UK, the USA, Canada, Russia, India and China while it is springtime in Australia, Argentina, Chile, New Zealand and South Africa.",True,major,False,True
20-03-2026,Jhulelal Jayanti,"Chaitra, Shukla Pratipada/Dwitiya","Cheti Chand is an important festival celebrated by Sindhi people of Pakistan and India. However date of Cheti Chand is decided based on Hindu calendar . According to Hindu calendar, Cheti Chand is celebrated on the second day of Chaitra Shukla Paksha. Most of the times, it is celebrated one day after Ugadi and Gudi Padwa. It is the day when the New Moon becomes visible after no moon day. Due to the first appearance of the moon during the Cheti month, this day is known as Cheti Chand. The Sindhi community celebrates the festival of Cheti Chand to commemorate the birth anniversary of Ishtadeva Uderolal which is popularly known as Jhulelal , the patron saint of Sindhis. The exact year of the birth of Saint Jhulelal is not known but he was born during the 10 th century in Sindh. This was the time when Sindh came under the rule of Sumras . Sumras were tolerant to all other religions. However a tyrant named Mirkshah was threatening Sindhi Hindus to either convert to Islam or face the death.",True,major,False,True
17-03-2026,Masik Shivaratri,"Chaitra, Krishna Chaturdashi","Shivaratri is great festival of convergence of Shiva and Shakti. Each month, Chaturdashi Tithi during Krishna Paksha is known as Masik Shivaratri . Masik Shivaratri in month of Magha is known as Maha Shivaratri according to Amanta School. However according to Purnimanta School Masik Shivaratri in month of Phalguna is known as Maha Shivaratri. In both schools it is naming convention of lunar month which differs. However both, Purnimanta and Amanta Schools, celebrate all Shivaratris including Maha Shivaratri on same day. Devotees, who want to observe Masik Shivaratri Vrat, can start it from Maha Shivaratri day and continue it for a year. It is believed that impossible and difficult task can be fulfilled by observing Masik Shivaratri Vrats by the grace of Lord Shiva. Devotees should keep awake during Shivaratri and perform Shiva Puja during midnight. Unmarried women observe this fast to get married and married women observe this fast to maintain peace and tranquility in their married life. Masik Shivaratri when falls on Tuesday becomes highly auspicious. Shivaratri Pujan is suggested during midnight which is known as Nishita Kaal and prevails for two Ghati. DrikPanchang.com lists Nishita Kaal Muhurta to perform Shiva Pujan for all Shivaratri fasts.",True,major,True,True
19-03-2026,Yugadi,"Chaitra, Shukla Pratipada","In Karnataka, the festival of Ugadi is celebrated in the form of Yugadi . It is a highly significant day for the followers of Hindu Dharma in Karnataka. On this day new Samvatsara begins in the Kannada calendar, which is a cycle of sixty years. All sixty Samvatsara are identified by unique names. According to the Kannada agricultural tradition as well, Yugadi is considered a special festival. In Andhra Pradesh, Telangana, and other southern Indian regions, Yugadi is celebrated by the name Ugadi . In Karnataka, Yugadi is celebrated with great joy and enthusiasm. On this occasion, Rangoli is drawn at the main entrance, which is called Muggulu . Mango leaf Toranas are hung on doors and temples. In addition, a special dish called Pachadi is prepared, which contains a mixture of all tastes, i.e., sweet, sour, salty, bitter, astringent and spicy. Yugadi is celebrated as Gudi Padwa by the people of Maharashtra. Both Yugadi and Gudi Padwa are celebrated on the same day. Yugadi is new year according to Luni-Solar calendar. Luni-Solar calendars consider the position of the Moon and the position of the Sun to divide the year into months and days. The counter-part of Luni-Solar calendar is Solar calendar which considers only position of the Sun to divide the year into months and days. Because of that Hindu new year is celebrated twice in the year with different names and at two different times of the year. The Hindu new year based on Solar calendar is known as Puthandu in Tamil Nadu, Bihu in Assam, Vaisakhi in Punjab, Pana Sankranti in Orissa and Naba Barsha in West Bengal.",True,major,False,True
19-03-2026,Chaitra Navratri,"Chaitra, Shukla Pratipada","Ghatasthapana is one of the significant rituals during Navratri . It marks the beginning of nine days festivity. Our scriptures have well defined rules and guidelines to perform Ghatasthapana during a certain period of time at the beginning of Navratri. Ghatasthapana is invocation of Goddess Shakti and doing it wrong time, as our scriptures forewarn, might bring wrath of the Goddess Shakti. Ghatasthapana is prohibited during Amavasya and night time. The most auspicious or Shubh time to do Ghatasthapana is first one third of the day while Pratipada is prevailing. If due to some reasons this time is not available then Ghatasthapana can be done during Abhijit Muhurta . It is advised to avoid Nakshatra Chitra and Vaidhriti Yoga during Ghatasthapana but those are not prohibited. The most important factor to consider is that Ghatasthapana is done before Hindu midday while Pratipada is prevailing. DrikPanchang.com team takes care for all conditions and exceptions to find the best time to perform Ghatasthapana and we do it for 1,00,000+ cities all over the world (we also generate daily Panchangam data for 1,00,000+ cities). In other words we don't use Muhurta calculated for one city for any other city to make sure we consider all local factors like sunrise, sunset, midday, ascendant and last but not the least DST, if applicable. You will find many sources which advise to take Choghadiya Muhurta to do Ghatasthapana but our scriptures don't advise to take Choghadiya Muhurta. DrikPanchang.com team researches all authentic sources and follows only those rules which are well documented in Vedic scriptures. However if you want to choose Choghadiya Muhurta you can take it from Choghadiya page but we don't recommend it to use for Ghatasthapana.",True,major,True,True
19-03-2026,Gudi Padwa,"Chaitra, Shukla Pratipada","Gudi Padwa or Samvatsar Padvo is celebrated as the first day of the year by Maharashtrians and Konkanis. On this day new Samvatsara , which is cycle of sixty years, starts. All sixty Samvatsara are identified by unique name. Gudi Padwa is celebrated as Ugadi by the people of Karnataka and Andhra Pradesh. Both Gudi Padwa and Ugadi are celebrated on the same day. Gudi Padwa is Marathi New Year according to Luni-Solar calendar. Luni-Solar calendars consider the position of the Moon and the position of the Sun to divide the year into months and days. The counter-part of Luni-Solar calendar is Solar calendar which considers only position of the Sun to divide the year into months and days. Because of that Hindu New Year is celebrated twice in the year with different names and at two different times of the year. The Hindu New Year based on Solar calendar is known as Puthandu in Tamil Nadu, Bihu in Assam, Vaisakhi in Punjab, Pana Sankranti in Orissa and Naba Barsha in West Bengal. The day begins with ritual oil-bath followed by prayers. Oil bath and eating Neem leaves are must rituals suggested by scriptures. North Indians do not celebrate Gudi Padwa but start nine days Chaitra Navratri Puja on the same day and also eat Neem with Mishri on the very first day of Navratri.",True,major,False,True
19-03-2026,Ugadi,"Chaitra, Shukla Pratipada","Ugadi is celebrated as the first day of the year by people of southern Indian regions such as Andhra Pradesh and Telangana. On this day new Samvatsara , which is cycle of sixty years, starts. All sixty Samvatsara are identified by unique name. In Karnataka, Ugadi is celebrated by the name Yugadi . Ugadi is celebrated as Gudi Padwa by the people of Maharashtra. Both Ugadi and Gudi Padwa are celebrated on the same day. Ugadi is New Year according to Luni-Solar calendar. Luni-Solar calendars consider the position of the Moon and the position of the Sun to divide the year into months and days. The counter-part of Luni-Solar calendar is Solar calendar which considers only position of the Sun to divide the year into months and days. Because of that Hindu New Year is celebrated twice in the year with different names and at two different times of the year. The Hindu New Year based on Solar calendar is known as Puthandu in Tamil Nadu, Bihu in Assam, Vaisakhi in Punjab, Pana Sankranti in Orissa and Naba Barsha in West Bengal. The day begins with ritual oil-bath followed by prayers. Oil bath and eating Neem leaves are must rituals suggested by scriptures. North Indians don't celebrate Ugadi but start nine days Chaitra Navratri Puja on the same day and also eat Neem with Mishri on the very first day of Navratri.",True,major,False,True
19-03-2026,Nutan Varsh Prarambha,"Chaitra, Shukla Pratipada","Generally, it is believed that the New Year begins as soon as the month of Chaitra commences. However, for the purpose of maintaining consistency between the Amanta and Purnimanta Hindu Panchang systems, the New Samvatsara is considered to begin 15 days after the start of Chaitra. In other words, 15 days of the Chaitra month fall in the previous Samvat, and the remaining 15 days fall in the New Samvat. Jyotishacharya Ji, i.e., an astrologer, should be respectfully welcomed, and predictions for the New Samvatsara should be heard from him, including the Raja , Mantri , Senadhipati , etc. In the morning, tender neem leaves and flowers should be brought. These should be mixed with black pepper , Hing , rock salt , Ajwain , cumin , sugar , and a little tamarind , and consumed as Churan. According to tradition, consuming this mixture helps pacify various diseases. The images of Lord Ganesha , the Brahmin, and the astrologer represented in the Panchang should be worshipped. After the worship, they should be offered sweets and food, along with Dakshina . Charity should be given to the needy according to capacity. Arrangements for drinking water or water stalls should be made if possible. The entire day should be spent joyfully in singing, music, and listening to sacred stories. It is commonly believed that beginning the year with happiness and enthusiasm ensures that the entire year passes in joy and prosperity.",True,major,False,True
16-03-2026,Soma Pradosh Vrat,"Chaitra, Krishna Trayodashi","Pradosha Vrat is observed on both Trayodashi Tithis, i.e. Shukla Paksha Trayodashi and Krishna Paksha Trayodashi, in lunar month. For Pradosham Vrat, day is fixed when Trayodashi Tithi falls during Pradosha Kala which starts after Sunset. The time window after Sunset when Trayodashi Tithi and Pradosha time overlaps is auspicious for Shiva Puja. When Pradosham day falls on Monday, it is known as Soma Pradosha . Soma Pradosha Vrat is considered one of the most beloved fasts of Lord Shiva . This fast is regarded as highly beneficial for mental peace, marital happiness, and family prosperity. According to Vedic astrology, this fast is very effective in resolving inauspicious combinations related to the Lord Chandra in one's Kundali. When observed with proper rituals, this fast brings desired results through the blessings of Lord Shiva. Soma Pradosha Vrat is especially recommended to enhance love, harmony, and sweetness in married life. Additionally, it is also considered suitable for overcoming mental problems and stress.",True,vrat,False,True
15-03-2026,Papamochani Ekadashi,"Chaitra, Krishna Ekadashi",Time - Ekadashi which comes between Holika Dahan and Chaitra Navratri is known as Papamochani Ekadashi. It falls before Yugadi and it is the last Ekadashi of the year. Papamochani Ekadashi is observed during Krishna Paksha of Chaitra month according to North Indian Purnimanta calendar and Krishna Paksha of Phalguna month according to South Indian Amanta calendar. However both North Indian and South Indian observe it on the same day. Currently it falls in month of March or April in English calendar. Parana means breaking the fast. Ekadashi Parana is done after sunrise on next day of Ekadashi fast. It is necessary to do Parana within Dwadashi Tithi unless Dwadashi is over before sunrise. Not doing Parana within Dwadashi is similar to an offence. Parana should not be done during Hari Vasara . One should wait for Hari Vasara to get over before breaking the fast. Hari Vasara is first one fourth duration of Dwadashi Tithi. The most preferred time to break the fast is Pratahkal. One should avoid breaking the fast during Madhyahna. If due to some reasons one is not able to break the fast during Pratahkal then one should do it after Madhyahna.,True,ekadashi,False,True
15-03-2026,Meena Sankranti,Kumbha to Meena transit of Sun,Meena Sankranti marks the beginning of the twelfth and last month in Hindu Solar Calendar. All twelve Sankrantis in the year are highly auspicious for Dan-Punya activities. Only certain time duration before or after each Sankranti moment is considered auspicious for Sankranti related activities. For Meena Sankranti sixteen Ghatis after the Sankranti moment are considered Shubh or auspicious and the time window from Sankranti to sixteen Ghati after Sankranti is taken for all Dan-Punya activities. During Meena Sankranti donating land is considered highly auspicious. In South India Sankranti is called as Sankramanam . Meena Sankranti is also spelled as Mina Sankranti.,True,major,False,True
15-03-2026,Krishna Narasimha Dwadashi,"Chaitra, Krishna Dwadashi","It is believed that by worshipping Lord Narasimha, one becomes fearless and courageous. Observing a Vrat dedicated to Lord Vishnu on the Dwadashi Tithi frees a person from the cycle of birth and death and grants liberation. The procedure for observing this fast is the same as that of the Narasimha Dwadashi observed on Phalguna Shukla Dwadashi.",True,major,False,True
14-03-2026,Karadaiyan Nombu,,"Karadaiyan Nombu or Karadayan Nonbu is a major Tamil festival which is celebrated at the time on Meena Sankranti or Sankramana . It is celebrated at the moment when Tamil month Maasi ends and month Panguni starts. Karadai is the name of a unique Nivedyam prepared on this day and Nombu means Vratham or Upavasam . It is believed that Savitri got her husband Satyavan back from Yama , the Lord of Death on the very same day. Due to this legend Karadaiyan Nombu is also known as Savithri Vratam . On Karadayan Nonbu day women worship Goddess Gowri and offer her Karadiyan Nombu Nivedyam. After Puja women tie the sacred yellow cotton thread known as Manjal Saradu or Nonbu Charadu for well-being of their husband. Married women observe it for long lives of their husband while unmarried girls observe it to get ideal person as their husband. On this day married women and young girls wear yellow robes and pray to Hindu Goddesses for long life for their husband or to get ideal person as their husband in the future. The fast for Karadayan Vritham is observed from sunrise on the transition day when God Surya moves from Kumbha Rashi to Meena Rashi. Fast breaking time for Savitri Nombu might fall any time between current day Sunrise to next day Sunrise depending on time of Meena Sankramana. Please note that duration of fast depends on local Sunrise and Sankramana moment and varies for all locations.",True,major,False,True
11-03-2026,Masik Krishna Janmashtami,"Chaitra, Krishna Ashtami","Monthly Krishna Janmashtami Vrat is a highly revered fast among the devotees of Lord Krishna , observed on the Krishna Paksha Ashtami Tithi in every lunar month. This fast is observed to please Lord Krishna and to seek His divine grace. While it is primarily observed by devotees of the Vaishnava Sampradaya , common devotees too undertake this fast with the aim of attaining spiritual growth and divine blessings in life. This fast is distinct from the annual Krishna Janmashtami Vrat , which falls on the Krishna Paksha Ashtami of Bhadrapada month because this fast is observed every month. The purpose of this fast is to remain immersed in remembrance and service of Lord Krishna. Masik Krishna Janmashtami is also known as Masik Krishnashtami or Masik Janmashtami . On the day of Masik Krishna Janmashtami, devotees begin by taking a holy bath in the morning, followed by taking a vow or Sankalpa to observe the fast. The fast is maintained throughout the day. In the evening, a ritualistic Puja is performed before the idol or image of Lord Krishna. Offerings include Panchamrita, Tulsi leaves, Makhan-Mishri, milk, fruits, incense and Diya. Devotees engage in the recitation of the Srimad Bhagavatam or the Bhagavad Gita, sing devotional songs and stay awake through the night in devotional vigil, remembering the childhood pastimes of Lord Krishna. Various Hindu scriptures emphasize the great spiritual significance of this fast. References to the Masik Krishna Janmashtami Vrat are found in texts such as the Skanda Purana , Padma Purana , Narada Purana , Vratraja and Hari Bhakti Vilasa . In fact, Hari Bhakti Vilasa considers this fast to be an essential part of Vaishnava discipline and practice. According to these scriptures, those who observe this fast with devotion and proper rituals attain higher spiritual realms, i.e., Punya Loka and ultimately reach Lord Krishna's eternal abode known as Parama Dhama at the end of their life.",True,major,False,True
11-03-2026,Kalashtami,"Chaitra, Krishna Ashtami","Kalashtami , which is also known as Kala Ashtami , is observed every month during Ashtami Tithi of Krishna Paksha. Devotees of Lord Bhairav keep fast and worship Him on all Kalashtami days in the year. The most significant Kalashtami, which is known as Kalabhairav Jayanti , falls in the month of Margashirsha according to North Indian, Purnima to Purnima, lunar month calendar while Kalabhairav Jayanti falls in the month of Kartik in South Indian, Amavasya to Amavasya, lunar month calendar. However both calendars observe Kalabhairav Jayanti on the same day. It is believed that Lord Shiva was appeared in form of Bhairav on the same day. Kalabhairav Jayanti is also known as Bhairav Ashtami . It should be noted that Kalashtami fasting might be observed on Saptami Tithi. According to religious text Vratraj Kalashtami fasting should be observed on the day when Ashtami Tithi prevails during night. Accordingly DrikPanchang makes sure that Ashtami should prevail at least for one Ghati after Pradosh while selecting fasting day for Kalashtami. Otherwise Kalashtami fasting day is moved to previous day when Ashtami Tithi is more likely to prevail during night.",True,major,True,True
11-03-2026,Sheetala Ashtami,"Chaitra, Krishna Ashtami","Basoda (बसोडा) Puja is dedicated to Goddess Sheetala and celebrated on Krishna Paksha Ashtami after Holi. Basoda is also known as Sheetala Ashtami . Usually it falls after eight days of Holi but many people observe it on first Monday or Friday after Holi. Sheetala Ashtami is more popular in North Indian states like Gujarat, Rajasthan and Uttar Pradesh. In Gujarat, the similar ritual as Basoda is observed just a day before Krishna Janmashtami and is known as Shitala Satam . Shitala Satam is also dedicated to Goddess Sheetala and no fresh food is cooked on the day of Sheetala Satam.",True,major,False,True
10-03-2026,Sheetala Saptami,"Chaitra, Krishna Saptami","Sheetala Saptami is observed one day before Sheetala Ashtami . According to the Purnimanta Hindu Panchang, Sheetala Saptami is observed on the Saptami Tithi of the Krishna Paksha of the Chaitra month. According to the Amanta Hindu Panchang, this Tithi falls during the Krishna Paksha of the Phalguna month. However, here the difference is only in the names of the Panchang; otherwise, this festival is observed on the same day in both Panchang. According to the Gregorian Calendar, this festival falls in the month of March or April. The festival of Sheetala Saptami is dedicated to Goddess Sheetala and is observed as a part of Sheetala Ashtami. Sheetala Ashtami is commonly known as Basoda because on this day stale food preparations are offered to Goddess Sheetala. Therefore, all the dishes that are to be offered to Sheetala Mata on Basoda are prepared one day earlier on Sheetala Saptami. This festival is mainly observed in North India, in states such as Rajasthan, Uttar Pradesh, Bihar, Gujarat and Madhya Pradesh. On this day, devotees observe fasts and perform various religious rituals while praying to Goddess Sheetala for good health and protection from different diseases. The festival of Sheetala Saptami is observed with great devotion and reverence by the followers of the Hindu religion. On this day devotees observe either Nirjala or Phalahara fast according to their capability. In order to receive the blessings of the Divine Mother, devotees visit Her temples for Darshana. On this occasion special worship rituals are performed in the temples of Goddess Sheetala. The dishes that are to be offered to Goddess Sheetala on Basoda, that is Sheetala Ashtami, are prepared one day earlier on Sheetala Saptami. According to beliefs, lighting a stove or cooking fresh food on the day of Basoda is prohibited. Therefore, devotees prepare the food one day earlier on Sheetala Saptami and on Sheetala Ashtami, they offer it to the Goddess Sheetala and consume it as Prasada.",True,major,False,True
08-03-2026,International Women's Day,fixed day in Gregorian calendar,,True,major,False,True
08-03-2026,Ranga Panchami,"Chaitra, Krishna Panchami","The festival of Ranga Panchami is celebrated with great pomp in various areas of Madhya Pradesh including Ujjain, under which a large number of groups of Huriyares (people who play Holi) come out on the streets to play Holi. Even fragrant color is poured on the Huriyares through big pipes by Municipal Corporation vehicles. Ranga Panchami is also known as Krishna Panchami and Dev Panchami . The festival of Ranga Panchami is celebrated on the fifth day of Holi. The festival of Ranga Panchami is celebrated to commemorate Lord Krishna playing Holi with colors and Gulal with Shri Radha Rani Ji . On the auspicious occasion of Ranga Panchami, Rangotsava and special tableaux are organized in various temples of the country. On this occasion, many types of cultural programs are organized at the regional level. To get more information about Ranga Panchami , please read our detailed article on Ranga Panchami.",True,major,False,True
06-03-2026,Bhalachandra Sankashti,"Chaitra, Krishna Chaturthi","There are two Chaturthi in every lunar month in Hindu calendar. The Chaturthi of Krishna Paksha that comes after the full moon is called Sankashti Chaturthi and the Chaturthi of Shukla Paksha that comes after the new moon is called Vinayak Chaturthi . First of all, take bath in the morning and get clean after retiring from other activities. After that, while meditating on Lord Ganesha, take a pledge to observe fast and remain silent. After taking bath again in the evening, prepare a sacred altar and place the idol of Lord Ganesha made of gold etc. Meditate and invoke Lord Ganesha. After that, perform Shodashopachara Ganesha Puja according to the rituals. You should offer Lord Ganesha his favorite Modak, betel nut, Moonga and Durva on Sankashti. After completing the worship of Lord Ganesha, at the time of moonrise, worship the Chandra Deva with scent, flowers etc. and offer Arghya and Naivedya etc. to him. After the puja is over, organize a Brahmin feast. Finally, after breaking the fast, eat food yourself. Consuming oily food is prohibited during this fast.",True,vrat,False,True
06-03-2026,Chhatrapati Shivaji Maharaj Jayanti,"Chaitra, Krishna Tritiya","Shivaji Bhosale (1630-1680 C.E.) was a great warrior King of Marathas who established the Maratha Empire. He was born in 1630 to Shahaji Bhosale and Jijabai near the city of Junnar in Pune district, Maharashtra. Shivaji Bhosale is popularly known as Chhatrapati Shivaji . Scholars have two different opinions on the exact date of his birth. The one group propose February 19, 1630 and the other proposes April 6, 1627 as the birth date of Chhatrapati Shivaji. The date of February 19, 1630 has been accepted as the birth anniversary of Shivaji Jayanti by the government of Maharashtra. However, very few people realize that this date is marked on Julian calendar and not on the Gregorian calendar currently used throughout the world. We would like to quote from one of the articles in our archive - ""Whether the birth year of the Maratha hero is 1627 or 1630 is also a question that occupied historians for long. However, while 1630 was determined as the birth year with the help of historical documents, the question of birth date remained unanswered for long.",True,major,False,True
05-03-2026,Bhai Dooj,"Chaitra, Krishna Dwitiya","Bhai Dooj is one of the significant Hindu festivals. It strengthens the bond of affection between brothers and sisters. As the name suggests the festival is observed on second day i.e. Dwitiya Tithi as per Hindu calendar. Bhai Dooj is also known as Bhratri Dwitiya . There are two Bhai Dooj in Hindu calendar. The other one, which is more popular, is observed two days after Deepavali Puja and also known as Bhai Dooj . Holi Bhai Dooj, although quite popular in some regions, is less known festival. Famous treatise on Hindu festivals e.g. Dharma Sindhu , Nirnaya Sindhu and Vratraj also do not mention Holi Bhai Dooj. Holi Bhai Dooj should be observed when Dwitiya Tithi prevails. Hence depending on Holika Dahan day, it might fall either next day or on second day after Rangawali Holi .",True,major,False,True
04-03-2026,Holi,"Chaitra, Krishna Pratipada","Holi is a religious festival celebrated by Hindus all over the world. Holi is considered as second biggest festival on Hindu calendar after Diwali . Holi is also known as festival of Colors. Places related to life of Lord Krishna are known as Braj regions. Holi rituals in Braj regions - Mathura, Vrindavan, Gowardhan, Gokul, Nandagaon and Barsana - are the most famous one. The Lathmar Holi - the traditional Holi festivity in Barsana is world famous. In most regions Holi festival is celebrated for two days. The first day is known as Jalanewali Holi - the day when Holi bonfire is done. This day is also known as Chhoti Holi and Holika Dahan . Holika Dahan is referred to Kama Dahanam in South India. The second day is known as Rangwali Holi - the day when people play with colored powder and colored water. Rangwali Holi which is main Holi day is also known as Dhulandi or Dhulendi (धुलण्डी) . The other less popular pronunciations of Dhulandi are Dhuleti , Dhulheti . On first day bonfires are lit after sunset at Right Holika Dahan Muhurat . Main Holi day when people play with colors is always next day of Holika Dahan or Holi bonfire. Next day in the morning people play Holi with dry and wet colors. People are more willing and comfortable to play Holi with dry colored powders which are known as Gulal. However many people feel that Holi celebrations are incomplete without wet colors. Wet color is applied on the face and is made on the spot by mixing little amount of water with dry colored powder. More enthusiastic Holi folk mix dry colored powder in full bucket of water to drench complete body in wet color.",True,major,False,True
04-03-2026,Chaitra Begins *North,"Chaitra, Krishna Pratipada","In Hindu Calendar, the day starts with local sunrise and ends with next day local sunrise. As sunrise time is different for all cities, Hindu Calendar made for one city is not valid for any other city. Hence it is important to use location based Hindu Calendar , like this website. Further, each Hindu day consists of five elements, which are called angas . These five elements are - In Hindu Calendar, all five elements together are called Panchang . (In Sanskrit: Panchang = Pancha (five) + Ang (part)). Hence Hindu Calendar which shows all five elements for each day is called Panchang . In South India Panchang is known as Panchangam . When Hindu Calendar includes Muslims, Sikh, Christian, Buddhist and Jain festivals, including national holidays, it is called as Indian Calendar .",True,major,False,True
03-03-2026,Savarni Manvadi,"Phalguna, Shukla Purnima","The Tithis on which creation started after each Pralaya are known as Manvadi or Manuadi Tithis. In one Kalpa it will happen fourteen times, hence there are fourteen Manus (the first human being) and fourteen Manvadi Tithis. At present we are in Vaivasvata Manuantara. All above Manvadi Tithis should be avoided in Upanayana, starting education, marriage, construction, entering into a house and journey. These Tithis are considered good for taking holy dip in rivers, Havana, giving donations, performing Shradh and other religious activities.",True,major,False,True
03-03-2026,Anvadhan,"Phalguna, Shukla Chaturdashi","Ishti and Anvadhan (इष्टि एवं अन्वाधान) are significant events in Hindu calendar. Followers of Hinduism, especially followers of Vaishnava Sampradaya, observe a day long fast on the day of Anvadhan and perform Yajna on the day of Ishti. There are different opinions on observing the dates of Ishti and Anvadhan which creates unnecessary doubts among followers. Drik Panchang Panditji has given widely accepted dates of Ishti and Anvadhan which would be applicable for most of the followers.",True,major,True,True
03-03-2026,Phalguna Purnima,"Phalguna, Shukla Purnima","Full moon days in Hindu calendar are known as Purnima in North Indian states, Pournami in South Indian states and Poonam in Gujarat. All Purnima days in Hindu calendar are significant as Purnima days either coincides with important festivals or Jayanti days in the calendar. Apart from festivals and Jayanti days, many families traditionally observe a day long fast on Purnimasi days in the year. Full moon days are also very significant to perform Satya Narayana Puja . Phalguna Purnima , which is the last Purnima of the year, is no exception. Holi the one of the most significant and popular Hindu festivals is observed during Phalguna Purnima. The day also coincides with Lakshmi Jayanti , the birth anniversary of Hindu Goddess of wealth and prosperity. Phalguna Purnima is also known as Vasanta Purnima , as this Purnima coincides with Vasanta Ritu out of total six Ritu (s) or seasons in Vedic astrology. It is important to note that Hindu festivals are not linked with seasons as all Hindu festivals drift away from seasons due to precession. As it takes thousands of years to notice seasonal change of Hindu festivals, it is assumed that festivals are linked to seasons and festivals are given alternate names based on the season they currently coincide with.",True,purnima,False,True
03-03-2026,Phalguna Purnima Vrat,"Phalguna, Shukla Purnima","In Hinduism, the Purnima Vrat is considered highly important. This fast is observed on the Purnima Tithi of the Shukla Paksha every month. According to the Battisi Purnima Vrat described in the Bhavishya Purana, the fast should begin from the full moon of the months of Margashirsha , Magha , and Vaishakha , and be concluded on the Purnima of Bhadrapada or Pausha month. This fast is also called the Dvatrimshi Purnima Vrat . Observing this fast is believed to bring all forms of happiness, good fortune, and progeny. The Purnima Tithi is also considered very significant for worshiping Lord Vishnu . On this day, the Lord Chandra appears in His full form. Worship of the Lord Chandra on this occasion is believed to be highly beneficial. Scriptures such as Skanda Purana, Padma Purana, Narada Purana, Bhavishya Purana, and the Mahabharata mention the observance of this fast. This auspicious fast is said to destroy sins, increase merit, and purify the mind. On the day of the Purnima Vrat, if possible, take a bath in a sacred river in the morning and perform Tarpan. Otherwise, bathe at home using water mixed with Gangajala. After bathing, take a Sankalpa for the fast - ""I will observe the Dvatrimshi Purnima fast for the well-being, prosperity, and happiness of my family. To ensure the completion of this fast without any hurdles, I will worship Lord Ganesha and perform Kalash Pujan."" This completes the simple and brief procedure of the Purnima Vrat.",True,purnima,False,True
03-03-2026,Chandra Grahan *Purna,occurs during Purnima,"To know the effects of this Lunar Eclipse based on various astrological elements, click on March 3, 2026 Lunar Eclipse Effect . Total Lunar Eclipse would occur on March 3, 2026. It would be the first Lunar Eclipse of 2026. As it is a total eclipse of magnitude 1.14 , the Moon would be completely covered by the Earth's umbral shadow at maximum eclipse. The portion of the Moon inside the umbral shadow would be illuminated only by sunlight refracted through the Earth's atmosphere and would appear reddish in color. The longest duration of totality would be 57 Minutes 27 Seconds . The Total Lunar Eclipse would be visible from large parts of East Asia , Southeast Asia , Australia , the Pacific Ocean , and most parts of North America , as well as some northern regions of South America . In these regions, observers would be able to witness the Moon completely immersed in the Earth's umbral shadow. In India , the visibility of the Lunar Eclipse would vary by region. A Total Lunar Eclipse would be visible from parts of eastern and north-eastern India . A Partial Lunar Eclipse would be visible from most parts of India, while a Penumbral Lunar Eclipse would be visible from western India , where the Moon would rise after the total phase has ended. If Lunar Eclipse starts before midnight but ends after midnight i.e. it covers two different dates on Gregorian calendar then the chosen Eclipse Day is when maximum of Lunar Eclipse occurs. Hence Penumbral Phase as well as Umbral Phase might start before midnight i.e. on the previous day.",True,major,False,True
03-03-2026,Attukal Pongal,,Attukal Pongala is a famous Malayalam festival celebrated annually at Attukal Bhagavathy Temple . It is a 10 days event commencing on the Karthigai star of the Malayalam month of Makaram or Kumbham and closing with the sacrificial offering known as Kuruthitharpanam at night. On the ninth day of the festival the world famous Attukal Pongala Mahotsavam takes place.,True,major,False,True
03-03-2026,Masi Magam,,"Masi Magam, also known as Maasi Makam , is a Tamil Hindu festival which is celebrated by Tamil speaking people. It is celebrated in Tamil month Masi during Makam Nakshatra. Usually, Makam Nakshatra prevails during Pournami or full moon day but that is not always true. Hence Masi Makam observation is not linked with full moon or Pournami but with Magha Nakshatra. Makam Nakshatra is also known as Magam and Magha . On Masi Magam day, temples idols are taken to the seashore, pond or lake for a ceremonial bath in a procession. The devotees who flock the procession take dips in the water body to get rid of their sins. Masi Magam is observed not only in India but also in Singapore , Thailand and Indonesia .",True,major,False,True
03-03-2026,Lakshmi Jayanti,"Phalguna, Shukla Purnima",Lakshmi Jayanti is the birth anniversary of Goddess Lakshmi . Goddess Lakshmi is the goddess of wealth and prosperity. It is believed that Goddess Lakshmi was born on Phalguna Purnima during the great churning of milky ocean which is popularly known as Samudra Manthan . It is significant to note that day of Phalguna Purnima mostly coincides with Uttara Phalguni Nakshatra. Hence the day of Uttara Phalguni is also associated with Lakshmi Jayanti. Lakshmi Jayanti is observed mainly in South India and it is less known in North Indian states. The day of Lakshmi Jayanti is significant to appease the Goddess of wealth and prosperity. People perform Lakshmi Homam on Lakshmi Jayanti. During Lakshmi Homa Goddess Lakshmi Sahasranamavali i.e. 1000 names of Goddess Lakshmi and Shri Suktam are recited. To appease Mahalakshmi lotus flowers dipped in honey are used for Ahuti.,True,major,False,True
03-03-2026,Dol Purnima,"Phalguna, Shukla Purnima","detailed Bengali Panjika with Festivals calendar and detailed Dainik Panji The complete schedule of Durga Puja has been published here. Durga Puja is an important Hindu festival, which is also popular by the names of Durgotsava and Shardotsava. On the auspicious occasion of Durga Puja, special Navadurga forms of Goddess Maa Durga is worshipped. complete list of all Hindu festivals and celebrations. The position of Sun and Moon determines the date and time of the Hindu festivals complete list of all Indian festivals and holidays. It lists all significant public, national, government, regional and religious festivals",True,purnima,False,True
03-03-2026,Chaitanya Mahaprabhu Jayanti,"Phalguna, Shukla Purnima","Chaitanya Mahaprabhu (1486 - 1534 C.E.) was a great spiritual teacher and the founder of Gaudiya Vaishnavism . The followers of Chaitanya Mahaprabhu are known as Gaudiya Vaishnava(s). As per Hindu lunar calendar, Chaitanya Mahaprabhu was born during Phalguna Purnima in the year 1542 of Vikram Samvat. Hence, followers of Chaitanya Mahaprabhu, observe Phalguna Purnima as Gaura Purnima and it is observed as the birth anniversary of Chaitanya Mahaprabhu. As per Julian calendar, Chaitanya Mahaprabhu was born on February 18, 1486 C.E. At the time of his birth Gregorian calendar was not invented. In proleptic Gregorian calendar, it was Saturday, February 27, 1486 C.E. when Chaitanya Mahaprabhu was born.",True,major,False,True
03-03-2026,Vasanta Purnima,"Phalguna, Shukla Purnima","The full moon day which falls in the middle of spring season in India is known as Vasanta Purnima . Vasanta Purnima is very significant day as it coincides with the festival of colors i.e. Holi . As nature displays various colors during spring, Holi which is also the festival of colors synergizes with nature at the same time. It is believed that ritual of playing Holi with colors was started in the era of Lord Krishna . It was Lord Krishna who started playing Holi with Radha Rani and her female friends commonly known as Gopis. Vedic astronomy defines six seasons in a year and these seasons are known as Ritu. These six Ritu are- Vasanta time in India usually starts on February 19 and ends on April 19. Hence all Hindu festivals which fall during this period are linked to Vasanta Ritu. As Phalguna Purnima falls in the middle of Vasanta Ritu, it is known as Vasanta Purnima. It is important to note that Hindu festivals are not linked with seasons as all Hindu festivals drift away from seasons due to precession. As it takes thousands of years to notice seasonal change of Hindu festivals, it is assumed that festivals are linked to seasons and festivals are given alternate names based on the season they currently coincide with.",True,purnima,False,True
03-03-2026,Chhoti Holi,"Phalguna, Shukla Purnima",The first preference to get Holika Dahan Muhurta is during Pradosh while Purnimasi Tithi is prevailing and Bhadra is over. If Bhadra prevails during Pradosh but it ends before midnight then Holika Dahan should be done after Bhadra is over. If Bhadra is getting over after midnight then only Holika Dahan should be done in Bhadra and preferably during Bhadra Punchha . However one should avoid Bhadra Mukha and in no condition Holika Dahan should be done in Bhadra Mukha . Doing so brings bad luck for the whole year not only for individuals but for whole city and country. Many times Bhadra Punchha is not available between Pradosh and midnight. In such situations one should do Holika Dahan during Pradosh. In rare occasions when neither Pradosh nor Bhadra Punchha is available then one should do Holika Dahan after Pradosh. Choosing right Muhurta for Holika Dahan is more important than choosing right Muhurta for any other festivals. For other festivals doing puja at wrong time will not bring puja benefits but doing Holika Dahan at wrong time would bring suffering and misfortune. DrikPanchang.com takes care all above scenarios and exceptions. We suggest you the best Muhurat for Holika Dahan. In no situation we suggest Bhadra Mukha. We also list Bhadra Mukha and Bhadra Punchha duration for all cities so that no confusion remains in deciding best Muhurat for Holika Dahan. If Bhadra Punchha is before Pradosh or after midnight we can't take that for Holika Dahan as Holika Dahan should be done between Pradosh and midnight. By midnight we mean Hindu midnight which is not same as 24. The Holi/Dhulandi day when people play with colors is always next day of Holika Dahan or Holi bonfire.,True,major,True,True
02-03-2026,Phalguna Chaumasi Chaudas,,"Rohini Vrat or Rohini Upavasa is observed on the day when Rohini Nakshatra prevails after sunrise. Rohini Vrat is a very important day for the Jain community. In Jainism, mainly women observe Rohini Vrat for the longevity of their husbands. There are twelve Rohini fasting days in a year. birth anniversary of sage Mahavir, also known as Vardhamana, is observed as Mahavir Jayanti complete list of all Hindu festivals and celebrations. The position of Sun and Moon determines the date and time of the Hindu festivals complete list of all Indian festivals and holidays. It lists all significant public, national, government, regional and religious festivals",True,major,False,True
01-03-2026,Ravi Pradosh Vrat,"Phalguna, Shukla Trayodashi","Pradosha Vrat is observed on both Trayodashi Tithis, i.e. Shukla Paksha Trayodashi and Krishna Paksha Trayodashi, in lunar month. For Pradosham Vrat, day is fixed when Trayodashi Tithi falls during Pradosha Kala which starts after Sunset. The time window after Sunset when Trayodashi Tithi and Pradosha time overlaps is auspicious for Shiva Puja. When Pradosham day falls on Sunday, it is known as Ravi Pradosha . Ravi Pradosha Vrat is considered highly important to get rid of Pitru Dosha . Devotees of Lord Shiva observe the Pradosha fast on this day with devotion. Sunday is governed by Lord Surya and therefore Surya Pradosha Vrat is recommended for those seeking relief from problems related to the Surya in their Kundali. This fast is considered beneficial for attaining longevity, good health and social respect. The one who observes the Ravi Pradosha Vrat with full devotion gains family happiness, inner strength and social honor. This fast is especially fruitful for those who are struggling with a lack of self-confidence.",True,vrat,False,True
